nom,classe,split
cardboard75.jpg,cardboard,train
cardboard56.jpg,cardboard,train
cardboard71.jpg,cardboard,train
cardboard149.jpg,cardboard,train
cardboard39.jpg,cardboard,train
cardboard126.jpg,cardboard,train
cardboard94.jpg,cardboard,train
cardboard145.jpg,cardboard,train
cardboard44.jpg,cardboard,train
cardboard85.jpg,cardboard,train
cardboard116.jpg,cardboard,train
cardboard30.jpg,cardboard,train
cardboard112.jpg,cardboard,train
cardboard159.jpg,cardboard,train
cardboard121.jpg,cardboard,train
cardboard127.jpg,cardboard,train
cardboard72.jpg,cardboard,train
cardboard48.jpg,cardboard,train
cardboard9.jpg,cardboard,train
cardboard113.jpg,cardboard,train
cardboard21.jpg,cardboard,train
cardboard115.jpg,cardboard,train
cardboard11.jpg,cardboard,train
cardboard107.jpg,cardboard,train
cardboard128.jpg,cardboard,train
cardboard92.jpg,cardboard,train
cardboard41.jpg,cardboard,train
cardboard15.jpg,cardboard,train
cardboard74.jpg,cardboard,train
cardboard97.jpg,cardboard,train
cardboard79.jpg,cardboard,train
cardboard25.jpg,cardboard,train
cardboard153.jpg,cardboard,train
cardboard3.jpg,cardboard,train
cardboard100.jpg,cardboard,train
cardboard38.jpg,cardboard,train
cardboard14.jpg,cardboard,train
cardboard138.jpg,cardboard,train
cardboard161.jpg,cardboard,train
cardboard90.jpg,cardboard,train
cardboard123.jpg,cardboard,train
cardboard80.jpg,cardboard,train
cardboard58.jpg,cardboard,train
cardboard37.jpg,cardboard,train
cardboard73.jpg,cardboard,train
cardboard132.jpg,cardboard,train
cardboard28.jpg,cardboard,train
cardboard12.jpg,cardboard,train
cardboard66.jpg,cardboard,train
cardboard16.jpg,cardboard,train
cardboard40.jpg,cardboard,train
cardboard109.jpg,cardboard,train
cardboard158.jpg,cardboard,train
cardboard31.jpg,cardboard,train
cardboard104.jpg,cardboard,train
cardboard124.jpg,cardboard,train
cardboard23.jpg,cardboard,train
cardboard81.jpg,cardboard,train
cardboard134.jpg,cardboard,train
cardboard137.jpg,cardboard,train
cardboard102.jpg,cardboard,train
cardboard78.jpg,cardboard,train
cardboard129.jpg,cardboard,train
cardboard84.jpg,cardboard,train
cardboard50.jpg,cardboard,train
cardboard160.jpg,cardboard,train
cardboard108.jpg,cardboard,train
cardboard4.jpg,cardboard,train
cardboard51.jpg,cardboard,train
cardboard1.jpg,cardboard,train
cardboard62.jpg,cardboard,train
cardboard63.jpg,cardboard,train
cardboard157.jpg,cardboard,train
cardboard13v.jpg,cardboard,train
cardboard85g.jpg,cardboard,train
cardboard125.jpg,cardboard,train
cardboard136.jpg,cardboard,train
cardboard55.jpg,cardboard,train
cardboard122.jpg,cardboard,train
cardboard120.jpg,cardboard,train
cardboard6.jpg,cardboard,train
cardboard27.jpg,cardboard,train
cardboard25g.jpg,cardboard,train
cardboard135.jpg,cardboard,train
cardboard35.jpg,cardboard,train
cardboard5.jpg,cardboard,train
cardboard96.jpg,cardboard,train
cardboard77.jpg,cardboard,train
cardboard141.jpg,cardboard,train
cardboard64.jpg,cardboard,train
cardboard154.jpg,cardboard,train
cardboard2.jpg,cardboard,train
cardboard13.jpg,cardboard,train
cardboard53.jpg,cardboard,train
cardboard60.jpg,cardboard,train
cardboard68.jpg,cardboard,train
cardboard155.jpg,cardboard,train
cardboard99.jpg,cardboard,train
cardboard43.jpg,cardboard,train
cardboard47.jpg,cardboard,train
cardboard147.jpg,cardboard,train
cardboard103.jpg,cardboard,train
cardboard59.jpg,cardboard,train
cardboard67.jpg,cardboard,train
cardboard89.jpg,cardboard,train
cardboard143.jpg,cardboard,train
cardboard131.jpg,cardboard,train
cardboard26.jpg,cardboard,train
cardboard24.jpg,cardboard,train
cardboard130.jpg,cardboard,train
cardboard140.jpg,cardboard,train
cardboard105.jpg,cardboard,train
cardboard139.jpg,cardboard,train
cardboard17.jpg,cardboard,train
glass169.jpg,glass,train
glass113.jpg,glass,train
glass157.jpg,glass,train
glass40.jpg,glass,train
glass167.jpg,glass,train
glass116.jpg,glass,train
glass49.jpg,glass,train
glass11g.jpg,glass,train
glass158.jpg,glass,train
glass75g.jpg,glass,train
glass138.jpg,glass,train
glass135.jpg,glass,train
glass38.jpg,glass,train
glass172.jpg,glass,train
glass159.jpg,glass,train
glass112.jpg,glass,train
glass4.jpg,glass,train
glass87.jpg,glass,train
glass16.jpg,glass,train
glass45.jpg,glass,train
glass67.jpg,glass,train
glass124.jpg,glass,train
glass108.jpg,glass,train
glass46.jpg,glass,train
glass78.jpg,glass,train
glass115.jpg,glass,train
glass58.jpg,glass,train
glass160.jpg,glass,train
glass22.jpg,glass,train
glass5.jpg,glass,train
glass26.jpg,glass,train
glass9.jpg,glass,train
glass28.jpg,glass,train
glass64.jpg,glass,train
glass123.jpg,glass,train
glass41.jpg,glass,train
glass80.jpg,glass,train
glass125.jpg,glass,train
glass11.jpg,glass,train
glass143.jpg,glass,train
glass134.jpg,glass,train
glass175.jpg,glass,train
glass20.jpg,glass,train
glass148.jpg,glass,train
glass131.jpg,glass,train
glass69.jpg,glass,train
glass180.jpg,glass,train
glass66.jpg,glass,train
glass70.jpg,glass,train
glass101.jpg,glass,train
glass31.jpg,glass,train
glass53.jpg,glass,train
glass7.jpg,glass,train
glass147.jpg,glass,train
glass50.jpg,glass,train
glass152.jpg,glass,train
glass120.jpg,glass,train
glass77.jpg,glass,train
glass24.jpg,glass,train
glass36.jpg,glass,train
glass91.jpg,glass,train
glass13.jpg,glass,train
glass6g.jpg,glass,train
glass25.jpg,glass,train
glass118.jpg,glass,train
glass93.jpg,glass,train
glass71.jpg,glass,train
glass35.jpg,glass,train
glass109g.jpg,glass,train
glass105.jpg,glass,train
glass121.jpg,glass,train
glass82.jpg,glass,train
glass103.jpg,glass,train
glass126.jpg,glass,train
glass166.jpg,glass,train
glass52.jpg,glass,train
glass92.jpg,glass,train
glass109.jpg,glass,train
glass39.jpg,glass,train
glass54.jpg,glass,train
glass1.jpg,glass,train
glass60.jpg,glass,train
glass161.jpg,glass,train
glass156.jpg,glass,train
glass137.jpg,glass,train
glass29.jpg,glass,train
glass122.jpg,glass,train
glass133.jpg,glass,train
glass62.jpg,glass,train
glass63.jpg,glass,train
glass12.jpg,glass,train
glass119.jpg,glass,train
glass59.jpg,glass,train
glass171.jpg,glass,train
glass17.jpg,glass,train
glass174.jpg,glass,train
glass132.jpg,glass,train
glass96.jpg,glass,train
glass177.jpg,glass,train
glass51.jpg,glass,train
glass95.jpg,glass,train
glass73.jpg,glass,train
glass14.jpg,glass,train
glass20g.jpg,glass,train
glass61.jpg,glass,train
glass89.jpg,glass,train
glass153.jpg,glass,train
glass164.jpg,glass,train
glass127.jpg,glass,train
glass136.jpg,glass,train
glass68.jpg,glass,train
glass65.jpg,glass,train
glass154.jpg,glass,train
glass98.jpg,glass,train
glass44.jpg,glass,train
glass47.jpg,glass,train
glass32.jpg,glass,train
glass145.jpg,glass,train
glass104.jpg,glass,train
glass83.jpg,glass,train
glass102.jpg,glass,train
glass88.jpg,glass,train
glass141.jpg,glass,train
glass129.jpg,glass,train
glass170.jpg,glass,train
metal70er.jpg,metal,train
metal34.jpg,metal,train
metal129.jpg,metal,train
metal80.jpg,metal,train
metal139.jpg,metal,train
metal110.jpg,metal,train
metal47.jpg,metal,train
metal36.jpg,metal,train
metal68.jpg,metal,train
metal71.jpg,metal,train
metal75.jpg,metal,train
metal23rer.jpg,metal,train
metal33.jpg,metal,train
metal117.jpg,metal,train
metal93.jpg,metal,train
metal44.jpg,metal,train
metal11.jpg,metal,train
metal125.jpg,metal,train
metal88.jpg,metal,train
metal72.jpg,metal,train
metal133.jpg,metal,train
metal8.jpg,metal,train
metal28.jpg,metal,train
metal103.jpg,metal,train
metal92.jpg,metal,train
metal124.jpg,metal,train
metal99.jpg,metal,train
metal61.jpg,metal,train
metal114.jpg,metal,train
metal116.jpg,metal,train
metal109.jpg,metal,train
metal73.jpg,metal,train
metal65.jpg,metal,train
metal6.jpg,metal,train
metal19.jpg,metal,train
metal140.jpg,metal,train
metal49.jpg,metal,train
metal97.jpg,metal,train
metal32.jpg,metal,train
metal1.jpg,metal,train
metal23.jpg,metal,train
metal126.jpg,metal,train
metal137.jpg,metal,train
metal122.jpg,metal,train
metal59.jpg,metal,train
metal87.jpg,metal,train
metal74.jpg,metal,train
metal31.jpg,metal,train
metal14.jpg,metal,train
metal113.jpg,metal,train
metal55.jpg,metal,train
metal136.jpg,metal,train
metal12.jpg,metal,train
metal69.jpg,metal,train
metal42.jpg,metal,train
metal64.jpg,metal,train
metal150.jpg,metal,train
metal128.jpg,metal,train
metal5.jpg,metal,train
metal4.jpg,metal,train
metal108.jpg,metal,train
metal130.jpg,metal,train
metal43.jpg,metal,train
metal123.jpg,metal,train
metal52.jpg,metal,train
metal3.jpg,metal,train
metal35.jpg,metal,train
metal96.jpg,metal,train
metal21.jpg,metal,train
metal104.jpg,metal,train
metal46.jpg,metal,train
metal51.jpg,metal,train
metal17.jpg,metal,train
metal132.jpg,metal,train
metal131.jpg,metal,train
metal62.jpg,metal,train
metal106.jpg,metal,train
metal13z.jpg,metal,train
metal37.jpg,metal,train
metal50.jpg,metal,train
metal79.jpg,metal,train
metal84.jpg,metal,train
metal107.jpg,metal,train
metal111.jpg,metal,train
metal94.jpg,metal,train
metal101.jpg,metal,train
metal115.jpg,metal,train
metal135.jpg,metal,train
metal39.jpg,metal,train
metal76.jpg,metal,train
metal105.jpg,metal,train
metal60.jpg,metal,train
metal86.jpg,metal,train
metal9.jpg,metal,train
metal22.jpg,metal,train
metal18.jpg,metal,train
metal62rt.jpg,metal,train
metal15.jpg,metal,train
paper129.jpg,paper,train
paper104.jpg,paper,train
paper38.jpg,paper,train
paper177.jpg,paper,train
paper24.jpg,paper,train
paper35.jpg,paper,train
paper5.jpg,paper,train
paper193.jpg,paper,train
paper107.jpg,paper,train
paper88.jpg,paper,train
paper85.jpg,paper,train
paper68.jpg,paper,train
paper90.jpg,paper,train
paper30.jpg,paper,train
paper159.jpg,paper,train
paper77.jpg,paper,train
paper74.jpg,paper,train
paper112.jpg,paper,train
paper39.jpg,paper,train
paper120.jpg,paper,train
paper207.jpg,paper,train
paper116.jpg,paper,train
paper20.jpg,paper,train
paper16.jpg,paper,train
paper76.jpg,paper,train
paper240.jpg,paper,train
paper55.jpg,paper,train
paper108.jpg,paper,train
paper126.jpg,paper,train
paper186.jpg,paper,train
paper69.jpg,paper,train
paper95.jpg,paper,train
paper204.jpg,paper,train
paper121.jpg,paper,train
paper97.jpg,paper,train
paper115.jpg,paper,train
paper219.jpg,paper,train
paper53.jpg,paper,train
paper149.jpg,paper,train
paper14.jpg,paper,train
paper70.jpg,paper,train
paper198.jpg,paper,train
paper153.jpg,paper,train
paper4.jpg,paper,train
paper113.jpg,paper,train
paper206.jpg,paper,train
paper160.jpg,paper,train
paper28.jpg,paper,train
paper133.jpg,paper,train
paper98.jpg,paper,train
paper239.jpg,paper,train
paper9.jpg,paper,train
paper205.jpg,paper,train
paper50.jpg,paper,train
paper93.jpg,paper,train
paper170.jpg,paper,train
paper232.jpg,paper,train
paper249.jpg,paper,train
paper187.jpg,paper,train
paper238.jpg,paper,train
paper167.jpg,paper,train
paper173.jpg,paper,train
paper190.jpg,paper,train
paper52.jpg,paper,train
paper212.jpg,paper,train
paper161.jpg,paper,train
paper56.jpg,paper,train
paper214.jpg,paper,train
paper201.jpg,paper,train
paper49.jpg,paper,train
paper197.jpg,paper,train
paper200.jpg,paper,train
paper165.jpg,paper,train
paper225.jpg,paper,train
paper125.jpg,paper,train
paper210.jpg,paper,train
paper202.jpg,paper,train
paper175.jpg,paper,train
paper103.jpg,paper,train
paper15.jpg,paper,train
paper229.jpg,paper,train
paper80.jpg,paper,train
paper237.jpg,paper,train
paper158.jpg,paper,train
paper63.jpg,paper,train
paper222.jpg,paper,train
paper65.jpg,paper,train
paper231.jpg,paper,train
paper127.jpg,paper,train
paper11.jpg,paper,train
paper130.jpg,paper,train
paper124.jpg,paper,train
paper137.jpg,paper,train
paper250.jpg,paper,train
paper119.jpg,paper,train
paper183.jpg,paper,train
paper48.jpg,paper,train
paper84.jpg,paper,train
paper145.jpg,paper,train
paper185.jpg,paper,train
paper227.jpg,paper,train
paper51.jpg,paper,train
paper168.jpg,paper,train
paper136.jpg,paper,train
paper2.jpg,paper,train
paper235.jpg,paper,train
paper17.jpg,paper,train
paper248.jpg,paper,train
paper122.jpg,paper,train
paper91.jpg,paper,train
paper246.jpg,paper,train
paper41.jpg,paper,train
paper226.jpg,paper,train
glass12er.jpg,paper,train
paper100.jpg,paper,train
paper169.jpg,paper,train
paper140.jpg,paper,train
paper19.jpg,paper,train
paper211.jpg,paper,train
paper233.jpg,paper,train
paper33.jpg,paper,train
paper180.jpg,paper,train
paper176.jpg,paper,train
paper3.jpg,paper,train
paper34.jpg,paper,train
paper188.jpg,paper,train
paper131.jpg,paper,train
paper23.jpg,paper,train
paper154.jpg,paper,train
paper243.jpg,paper,train
paper223.jpg,paper,train
paper109.jpg,paper,train
paper94.jpg,paper,train
paper123.jpg,paper,train
paper82.jpg,paper,train
paper102.jpg,paper,train
paper209.jpg,paper,train
paper128.jpg,paper,train
paper228.jpg,paper,train
paper32.jpg,paper,train
paper224.jpg,paper,train
paper155.jpg,paper,train
paper221.jpg,paper,train
paper215.jpg,paper,train
paper78.jpg,paper,train
paper42.jpg,paper,train
paper162.jpg,paper,train
paper87.jpg,paper,train
paper157.jpg,paper,train
paper139.jpg,paper,train
paper242.jpg,paper,train
paper135.jpg,paper,train
paper21.jpg,paper,train
paper12.jpg,paper,train
paper40.jpg,paper,train
paper37.jpg,paper,train
paper172.jpg,paper,train
paper134.jpg,paper,train
paper61.jpg,paper,train
paper141.jpg,paper,train
paper184.jpg,paper,train
paper62.jpg,paper,train
paper245.jpg,paper,train
paper138.jpg,paper,train
paper230.jpg,paper,train
paper26.jpg,paper,train
paper101.jpg,paper,train
paper194.jpg,paper,train
paper147.jpg,paper,train
paper22.jpg,paper,train
paper79.jpg,paper,train
paper46.jpg,paper,train
plastic40.jpg,plastic,train
plastic184.jpg,plastic,train
plastic97.jpg,plastic,train
plastic98.jpg,plastic,train
plastic111.jpg,plastic,train
plastic194.jpg,plastic,train
plastic56.jpg,plastic,train
plastic9.jpg,plastic,train
plastic168.jpg,plastic,train
plastic29.jpg,plastic,train
plastic188.jpg,plastic,train
plastic125.jpg,plastic,train
plastic72.jpg,plastic,train
plastic106.jpg,plastic,train
plastic160.jpg,plastic,train
plastic62.jpg,plastic,train
plastic66.jpg,plastic,train
plastic114.jpg,plastic,train
plastic42.jpg,plastic,train
plastic16.jpg,plastic,train
plastic93.jpg,plastic,train
plastic186.jpg,plastic,train
plastic208.jpg,plastic,train
plastic120.jpg,plastic,train
plastic95.jpg,plastic,train
plastic35.jpg,plastic,train
plastic50.jpg,plastic,train
plastic112.jpg,plastic,train
plastic14.jpg,plastic,train
plastic4.jpg,plastic,train
plastic27.jpg,plastic,train
plastic149.jpg,plastic,train
plastic213.jpg,plastic,train
plastic78.jpg,plastic,train
plastic166.jpg,plastic,train
plastic198.jpg,plastic,train
plastic174.jpg,plastic,train
plastic25.jpg,plastic,train
plastic28.jpg,plastic,train
plastic190.jpg,plastic,train
plastic178.jpg,plastic,train
plastic7.jpg,plastic,train
plastic207.jpg,plastic,train
plastic31.jpg,plastic,train
plastic171.jpg,plastic,train
plastic47.jpg,plastic,train
plastic200.jpg,plastic,train
plastic199.jpg,plastic,train
plastic191.jpg,plastic,train
plastic187.jpg,plastic,train
plastic90.jpg,plastic,train
plastic133.jpg,plastic,train
plastic12.jpg,plastic,train
plastic53.jpg,plastic,train
plastic21.jpg,plastic,train
plastic124.jpg,plastic,train
plastic115.jpg,plastic,train
plastic162.jpg,plastic,train
plastic86.jpg,plastic,train
plastic154.jpg,plastic,train
plastic161.jpg,plastic,train
plastic101.jpg,plastic,train
plastic26.jpg,plastic,train
plastic15.jpg,plastic,train
plastic201.jpg,plastic,train
plastic39.jpg,plastic,train
plastic48.jpg,plastic,train
plastic159.jpg,plastic,train
plastic20.jpg,plastic,train
plastic69.jpg,plastic,train
plastic61.jpg,plastic,train
plastic126.jpg,plastic,train
plastic109.jpg,plastic,train
plastic130.jpg,plastic,train
plastic123.jpg,plastic,train
plastic137.jpg,plastic,train
plastic176.jpg,plastic,train
plastic41.jpg,plastic,train
plastic82.jpg,plastic,train
plastic145.jpg,plastic,train
plastic24.jpg,plastic,train
plastic60.jpg,plastic,train
plastic169.jpg,plastic,train
plastic136.jpg,plastic,train
plastic6.jpg,plastic,train
plastic170.jpg,plastic,train
plastic49.jpg,plastic,train
plastic121.jpg,plastic,train
plastic34.jpg,plastic,train
plastic203.jpg,plastic,train
plastic214.jpg,plastic,train
plastic1.jpg,plastic,train
plastic17.jpg,plastic,train
plastic140.jpg,plastic,train
plastic219.jpg,plastic,train
plastic205.jpg,plastic,train
plastic181.jpg,plastic,train
plastic177.jpg,plastic,train
plastic33.jpg,plastic,train
plastic189.jpg,plastic,train
plastic131.jpg,plastic,train
plastic211.jpg,plastic,train
plastic155.jpg,plastic,train
plastic118.jpg,plastic,train
plastic30.jpg,plastic,train
plastic87.jpg,plastic,train
plastic128.jpg,plastic,train
plastic108.jpg,plastic,train
plastic94.jpg,plastic,train
plastic58.jpg,plastic,train
plastic102.jpg,plastic,train
plastic122.jpg,plastic,train
plastic23.jpg,plastic,train
plastic91.jpg,plastic,train
plastic37.jpg,plastic,train
plastic100.jpg,plastic,train
plastic127.jpg,plastic,train
plastic206.jpg,plastic,train
plastic44.jpg,plastic,train
plastic212.jpg,plastic,train
plastic79.jpg,plastic,train
plastic202.jpg,plastic,train
plastic107.jpg,plastic,train
plastic156.jpg,plastic,train
plastic215.jpg,plastic,train
plastic45.jpg,plastic,train
plastic64.jpg,plastic,train
cardboard86d.jpg,plastic,train
plastic8.jpg,plastic,train
plastic57.jpg,plastic,train
plastic163.jpg,plastic,train
plastic68.jpg,plastic,train
plastic158.jpg,plastic,train
plastic139.jpg,plastic,train
plastic3.jpg,plastic,train
plastic135.jpg,plastic,train
plastic210.jpg,plastic,train
plastic119.jpg,plastic,train
plastic5.jpg,plastic,train
plastic73.jpg,plastic,train
plastic173.jpg,plastic,train
plastic134.jpg,plastic,train
plastic67.jpg,plastic,train
plastic141.jpg,plastic,train
plastic185.jpg,plastic,train
plastic52.jpg,plastic,train
plastic138.jpg,plastic,train
plastic32.jpg,plastic,train
plastic89.jpg,plastic,train
plastic10.jpg,plastic,train
plastic195.jpg,plastic,train
plastic147.jpg,plastic,train
plastic22.jpg,plastic,train
trash21.jpg,trash,train
trash6.jpg,trash,train
trash8.jpg,trash,train
trash50.jpg,trash,train
trash25.jpg,trash,train
trash35.jpg,trash,train
trash34.jpg,trash,train
trash33.jpg,trash,train
trash39.jpg,trash,train
trash27.jpg,trash,train
trash20.jpg,trash,train
trash13.jpg,trash,train
trash41.jpg,trash,train
trash17.jpg,trash,train
trash12.jpg,trash,train
trash15.jpg,trash,train
trash47.jpg,trash,train
trash48.jpg,trash,train
trash7.jpg,trash,train
trash23.jpg,trash,train
trash18.jpg,trash,train
trash24.jpg,trash,train
trash32.jpg,trash,train
trash40.jpg,trash,train
trash38.jpg,trash,train
trash1.jpg,trash,train
trash5.jpg,trash,train
trash4.jpg,trash,train
trash14.jpg,trash,train
trash37.jpg,trash,train
trash2.jpg,trash,train
trash43.jpg,trash,train
trash10.jpg,trash,train
trash29.jpg,trash,train
cardboard65.jpg,cardboard,val
cardboard50rg.jpg,cardboard,val
cardboard35tg.jpg,cardboard,val
cardboard29.jpg,cardboard,val
cardboard86.jpg,cardboard,val
cardboard87.jpg,cardboard,val
cardboard34.jpg,cardboard,val
cardboard106.jpg,cardboard,val
cardboard93.jpg,cardboard,val
cardboard54.jpg,cardboard,val
cardboard110.jpg,cardboard,val
cardboard152.jpg,cardboard,val
cardboard8.jpg,cardboard,val
cardboard101.jpg,cardboard,val
cardboard114.jpg,cardboard,val
cardboard19.jpg,cardboard,val
cardboard82.jpg,cardboard,val
cardboard76.jpg,cardboard,val
cardboard88.jpg,cardboard,val
cardboard156.jpg,cardboard,val
cardboard148.jpg,cardboard,val
cardboard4g.jpg,cardboard,val
cardboard144.jpg,cardboard,val
cardboard98.jpg,cardboard,val
glass168.jpg,glass,val
glass128.jpg,glass,val
glass139.jpg,glass,val
glass106.jpg,glass,val
glass37.jpg,glass,val
glass19.jpg,glass,val
glass173.jpg,glass,val
glass81.jpg,glass,val
glass84.jpg,glass,val
glass18.jpg,glass,val
glass107.jpg,glass,val
glass110.jpg,glass,val
glass151.jpg,glass,val
glass76.jpg,glass,val
glass57.jpg,glass,val
glass114.jpg,glass,val
glass163.jpg,glass,val
glass79.jpg,glass,val
glass6.jpg,glass,val
glass85.jpg,glass,val
glass86.jpg,glass,val
glass155.jpg,glass,val
glass146.jpg,glass,val
glass34.jpg,glass,val
glass142.jpg,glass,val
glass97.jpg,glass,val
glass150.jpg,glass,val
metal89.jpg,metal,val
metal29.jpg,metal,val
metal98.jpg,metal,val
metal45.jpg,metal,val
metal77.jpg,metal,val
metal57.jpg,metal,val
metal138.jpg,metal,val
metal25.jpg,metal,val
metal56.jpg,metal,val
metal16.jpg,metal,val
metal54.jpg,metal,val
metal81.jpg,metal,val
metal85.jpg,metal,val
metal24.jpg,metal,val
metal41.jpg,metal,val
metal13.jpg,metal,val
metal95.jpg,metal,val
metal27.jpg,metal,val
metal30.jpg,metal,val
metal83.jpg,metal,val
metal134.jpg,metal,val
paper83.jpg,paper,val
paper143.jpg,paper,val
paper247.jpg,paper,val
paper171.jpg,paper,val
paper13.jpg,paper,val
paper89.jpg,paper,val
paper105.jpg,paper,val
paper29.jpg,paper,val
paper199.jpg,paper,val
paper181.jpg,paper,val
paper174.jpg,paper,val
paper75.jpg,paper,val
paper8.jpg,paper,val
paper18.jpg,paper,val
paper106.jpg,paper,val
paper110.jpg,paper,val
paper152.jpg,paper,val
paper67.jpg,paper,val
paper218.jpg,paper,val
paper114.jpg,paper,val
paper25.jpg,paper,val
paper164.jpg,paper,val
paper71.jpg,paper,val
paper220.jpg,paper,val
paper57.jpg,paper,val
paper81.jpg,paper,val
paper156.jpg,paper,val
paper148.jpg,paper,val
paper196.jpg,paper,val
paper144.jpg,paper,val
paper6.jpg,paper,val
paper31.jpg,paper,val
paper60.jpg,paper,val
paper45.jpg,paper,val
paper96.jpg,paper,val
paper72.jpg,paper,val
paper27.jpg,paper,val
plastic80.jpg,plastic,val
plastic55.jpg,plastic,val
plastic85.jpg,plastic,val
plastic143.jpg,plastic,val
plastic172.jpg,plastic,val
plastic129.jpg,plastic,val
plastic103.jpg,plastic,val
plastic2.jpg,plastic,val
plastic182.jpg,plastic,val
plastic175.jpg,plastic,val
plastic77.jpg,plastic,val
plastic81.jpg,plastic,val
plastic180.jpg,plastic,val
plastic104.jpg,plastic,val
plastic11.jpg,plastic,val
plastic153.jpg,plastic,val
plastic75.jpg,plastic,val
plastic218.jpg,plastic,val
plastic113.jpg,plastic,val
plastic51.jpg,plastic,val
plastic165.jpg,plastic,val
plastic76.jpg,plastic,val
plastic220.jpg,plastic,val
plastic65.jpg,plastic,val
plastic83.jpg,plastic,val
plastic157.jpg,plastic,val
plastic148.jpg,plastic,val
plastic197.jpg,plastic,val
plastic144.jpg,plastic,val
plastic59.jpg,plastic,val
plastic96.jpg,plastic,val
plastic54.jpg,plastic,val
plastic151.jpg,plastic,val
trash11.jpg,trash,val
trash44.jpg,trash,val
trash42.jpg,trash,val
trash31.jpg,trash,val
trash46.jpg,trash,val
trash19.jpg,trash,val
trash30.jpg,trash,val
cardboard151.jpg,cardboard,test
cardboard142.jpg,cardboard,test
cardboard33.jpg,cardboard,test
cardboard119.jpg,cardboard,test
cardboard150.jpg,cardboard,test
cardboard95.jpg,cardboard,test
cardboard69.jpg,cardboard,test
cardboard133.jpg,cardboard,test
cardboard91.jpg,cardboard,test
cardboard10.jpg,cardboard,test
cardboard146.jpg,cardboard,test
cardboard7.jpg,cardboard,test
cardboard46.jpg,cardboard,test
cardboard42.jpg,cardboard,test
cardboard57.jpg,cardboard,test
cardboard32.jpg,cardboard,test
cardboard20.jpg,cardboard,test
cardboard61.jpg,cardboard,test
image-violet-512x384.jpg,cardboard,test
cardboard118.jpg,cardboard,test
cardboard18.jpg,cardboard,test
cardboard49.jpg,cardboard,test
cardboard111.jpg,cardboard,test
cardboard36.jpg,cardboard,test
cardboard45.jpg,cardboard,test
glass140.jpg,glass,test
glass179.jpg,glass,test
glass117g.jpg,glass,test
glass149.jpg,glass,test
glass94.jpg,glass,test
glass55.jpg,glass,test
glass130.jpg,glass,test
glass8.jpg,glass,test
glass90.jpg,glass,test
glass10.jpg,glass,test
glass144.jpg,glass,test
glass72.jpg,glass,test
glass56.jpg,glass,test
glass75.jpg,glass,test
glass30.jpg,glass,test
glass27.jpg,glass,test
glass43.jpg,glass,test
glass178.jpg,glass,test
glass165.jpg,glass,test
glass48.jpg,glass,test
glass99.jpg,glass,test
glass117.jpg,glass,test
glass162.jpg,glass,test
glass33.jpg,glass,test
glass111.jpg,glass,test
glass2.jpg,glass,test
glass3.jpg,glass,test
metal127.jpg,metal,test
metal70.jpg,metal,test
metal90.jpg,metal,test
metal10.jpg,metal,test
metal20.jpg,metal,test
metal119.jpg,metal,test
metal100.jpg,metal,test
metal120.jpg,metal,test
metal67.jpg,metal,test
metal63.jpg,metal,test
metal78.jpg,metal,test
metal53.jpg,metal,test
metal40.jpg,metal,test
metal82.jpg,metal,test
plasticx199fd.jpg,metal,test
metal118.jpg,metal,test
metal38.jpg,metal,test
metal7.jpg,metal,test
metal112.jpg,metal,test
metal58.jpg,metal,test
metal66.jpg,metal,test
paper151.jpg,paper,test
paper142.jpg,paper,test
paper179.jpg,paper,test
paper118.jpg,paper,test
paper150.jpg,paper,test
paper59.jpg,paper,test
paper244.jpg,paper,test
paper92.jpg,paper,test
paper43.jpg,paper,test
paper47.jpg,paper,test
paper216.jpg,paper,test
paper132.jpg,paper,test
paper241.jpg,paper,test
paper86.jpg,paper,test
paper1.jpg,paper,test
paper146.jpg,paper,test
paper234.jpg,paper,test
paper217.jpg,paper,test
paper236.jpg,paper,test
paper192.jpg,paper,test
paper189.jpg,paper,test
paper203.jpg,paper,test
paper178.jpg,paper,test
paper58.jpg,paper,test
paper166.jpg,paper,test
paper7.jpg,paper,test
paper66.jpg,paper,test
paper208.jpg,paper,test
paper99.jpg,paper,test
paper117.jpg,paper,test
paper44.jpg,paper,test
paper163.jpg,paper,test
paper195.jpg,paper,test
paper111.jpg,paper,test
paper182.jpg,paper,test
paper36.jpg,paper,test
paper191.jpg,paper,test
plastic142.jpg,plastic,test
plastic18.jpg,plastic,test
plastic117.jpg,plastic,test
plastic150.jpg,plastic,test
plastic46.jpg,plastic,test
plastic92.jpg,plastic,test
plastic70.jpg,plastic,test
plastic74.jpg,plastic,test
plastic216.jpg,plastic,test
plastic132.jpg,plastic,test
plastic43.jpg,plastic,test
plastic88.jpg,plastic,test
glass176.jpg,plastic,test
plastic146.jpg,plastic,test
plastic36.jpg,plastic,test
plastic217.jpg,plastic,test
plastic38.jpg,plastic,test
plastic193.jpg,plastic,test
plastic19.jpg,plastic,test
plastic204.jpg,plastic,test
plastic179.jpg,plastic,test
plastic84.jpg,plastic,test
plastic167.jpg,plastic,test
plastic209.jpg,plastic,test
plastic99.jpg,plastic,test
plastic116.jpg,plastic,test
plastic71.jpg,plastic,test
plastic164.jpg,plastic,test
plastic196.jpg,plastic,test
plastic110.jpg,plastic,test
plastic183.jpg,plastic,test
plastic63.jpg,plastic,test
plastic192.jpg,plastic,test
trash26.jpg,trash,test
trash9.jpg,trash,test
trash28.jpg,trash,test
trash16.jpg,trash,test
trash49.jpg,trash,test
trash22.jpg,trash,test
trash36.jpg,trash,test
trash45.jpg,trash,test
